anime_id,name,genre,type,episodes,rating,members
34240,Shelter,"Music, Sci-Fi",Music,1,8.38,71136
731,Interstella5555: The 5tory of The 5ecret 5tar 5ystem,"Adventure, Drama, Music, Sci-Fi",Music,1,8.17,31464
17949,The Everlasting Guilty Crown,Music,Music,1,8.0,11663
2768,CLAMP in Wonderland 2,"Action, Comedy, Drama, Fantasy, Magic, Music, Romance",Music,1,7.64,13985
9930,Snow Halation,Music,Music,1,7.61,8731
1047,On Your Mark,"Drama, Music, Sci-Fi",Music,1,7.6,13661
22539,"One More Time, One More Chance","Drama, Music, Romance, Slice of Life",Music,1,7.6,5660
10445,Perfect Day,Music,Music,1,7.59,7743
6399,Higashi no Eden: Falling Down,Music,Music,1,7.56,9881
10050,Macross F Music Clip Shuu: Nyankuri,Music,Music,1,7.47,3010
32953,Koi ni Naritai Aquarium,Music,Music,1,7.43,1683
14951,Wonderful Rush,Music,Music,1,7.4,6807
31780,Kimi no Kokoro wa Kagayaiteru kai?,Music,Music,1,7.35,2762
17901,All Alone With You,"Fantasy, Music",Music,1,7.35,7612
11033,"Natsu-iro Egao de 1, 2, Jump!",Music,Music,1,7.34,6939
24429,Daze,Music,Music,1,7.33,2919
20877,Music S.T.A.R.T!!,Music,Music,1,7.33,5729
12637,Mo Gyutto Love de Sekkinchuu!,Music,Music,1,7.32,6713
12623,Egomama,Music,Music,1,7.29,1471
34085,Sakura Nagashi,"Action, Drama, Mecha, Music, Sci-Fi",Music,1,7.29,2945
12079,Black★Rock Shooter,"Action, Music",Music,1,7.29,40641
4705,Tengen Toppa Gurren Lagann: Parallel Works,Music,Music,8,7.27,22213
23043,Re Boot,"Drama, Music, School, Slice of Life",Music,1,7.25,1544
6548,Tengen Toppa Gurren Lagann: Kirameki★Yoko Box - Pieces of Sweet Stars,"Ecchi, Music",Music,1,7.25,18991
30771,Mudai,"Drama, Music, Romance, Slice of Life",Music,1,7.24,1242
9733,The TV Show,Music,Music,1,7.21,2066
9907,Bokura no Live Kimi to no Life,Music,Music,1,7.2,10426
32030,MEMORiES MELODiES,Music,Music,1,7.15,699
11487,Sekiranun Graffiti,Music,Music,1,7.11,4014
6749,Prince of Tennis: The Band of Princes Film Kick the Future,"Action, Music",Music,1,7.1,3826
32700,Heart Realize,Music,Music,1,7.09,1626
10720,Korekuraide Utau,Music,Music,1,7.09,1395
8348,Tengen Toppa Gurren Lagann: Parallel Works 2,"Mecha, Music",Music,7,7.09,13361
30903,Children Record,Music,Music,2,7.06,745
32468,Nirvana,Music,Music,1,7.06,1760
21409,The iDOLM@STER Cinderella Girls 2nd Anniversary PV,Music,Music,1,7.06,2408
15673,Tell Your World,Music,Music,1,7.05,2630
1890,Clover,"Drama, Fantasy, Music, Sci-Fi, Shoujo",Music,1,7.02,8524
2274,CLAMP in Wonderland,Music,Music,1,6.99,12267
2728,TWO-MIX: White Reflection,Music,Music,1,6.96,1708
13281,FlashBack,Music,Music,1,6.94,1508
13053,Aimai Elegy,Music,Music,1,6.91,1646
33420,RESTART POiNTER,Music,Music,1,6.91,364
25375,Moon Pride,"Magic, Music, Romance, Supernatural",Music,1,6.89,2478
22513,Freely Tomorrow,Music,Music,1,6.87,1199
12659,Nisoku Hokou,Music,Music,1,6.86,1116
24823,Days,Music,Music,1,6.83,2907
28789,3-gatsu no Lion meets Bump of Chicken,"Drama, Music, Seinen",Music,1,6.8,2160
6666,Passion,Music,Music,1,6.78,2100
8230,True Tears Epilogue,"Drama, Music, Romance",Music,1,6.78,8053
2953,Egao,"Music, Slice of Life",Music,1,6.77,8814
4467,Universe,"Fantasy, Music",Music,1,6.77,1275
12935,Utakata Hanabi,Music,Music,1,6.75,1375
1998,Amazing Nuts!,"Adventure, Music, Police, Romance, Sci-Fi",Music,4,6.74,6650
5016,Fluximation,Music,Music,14,6.74,2240
1958,Wish,Music,Music,1,6.74,5321
30103,Precure All Stars Movie: Haru no Carnival♪ - Ima Koko kara,"Fantasy, Magic, Music, Shoujo",Music,1,6.7,501
20613,Viva Namida,Music,Music,1,6.7,2376
6533,Atarashii Sekai,Music,Music,1,6.69,1477
6137,Tsuki no Waltz,Music,Music,1,6.69,1499
21451,Nihonbashi Koukashita R Keikaku,Music,Music,1,6.68,1325
2729,X²: Double X,"Drama, Music, Shoujo",Music,1,6.68,2976
31048,Burenai Ai de,Music,Music,1,6.67,522
12661,Light Lag,Music,Music,1,6.66,891
32446,MONSTER GENERATiON,Music,Music,1,6.66,468
18799,Take Your Way,"Action, Music, Seinen, Supernatural",Music,1,6.66,1387
11583,Kami nomi zo Shiru Sekai: Natsu-iro Surprise,Music,Music,1,6.65,5772
17913,Redial,Music,Music,1,6.66,1710
32311,Beautiful World,"Action, Drama, Mecha, Music, Sci-Fi",Music,1,6.62,1215
11507,Kami nomi zo Shiru Sekai: Nonstop!! Hunters,Music,Music,1,6.62,6634
32031,Leopard Eyes,Music,Music,1,6.62,473
21103,Utopia,Music,Music,1,6.59,3519
7295,Koi Tsubomi,"Fantasy, Music",Music,1,6.58,1242
8603,Tegami: Haikei Juugo no Kimi e,"Music, School, Slice of Life",Music,1,6.58,653
19081,Weekender Girl,Music,Music,1,6.58,1174
30907,Eine Kleine,"Drama, Music, Romance, Slice of Life",Music,1,6.57,261
21041,Follow Me,"Drama, Music, Romance, Slice of Life",Music,1,6.55,1165
9035,Lupin the Third,"Adventure, Music",Music,1,6.55,1484
4890,Peut-etre Toi,Music,Music,1,6.55,1532
10849,Shinryaku! Ika Musume: Ika Ice Tabena-ika?,Music,Music,1,6.54,3600
15453,Shinryaku! Ika Musume: Kore ga Umi e no Ai Jana-ika!,Music,Music,1,6.54,2162
7659,Aisubeki Mirai e,Music,Music,1,6.52,966
22049,Just Awake,"Action, Music, Sci-Fi",Music,1,6.52,1057
13153,Renkyori Enai,Music,Music,1,6.52,719
31894,The iDOLM@STER Million Live! &quot;Dreaming!&quot; Animation PV,Music,Music,1,6.52,658
17010,Yasashii March: The Tender March,Music,Music,1,6.52,699
17068,Transfer,"Action, Music",Music,1,6.45,797
33689,Dive to Blue,Music,Music,1,6.44,199
34252,STAR BEAT!: Hoshi no Kodou,Music,Music,1,6.39,230
3507,Survival,"Dementia, Drama, Music, Psychological, School, Supernatural",Music,1,6.42,2153
12683,Yumeyume,Music,Music,1,6.42,915
21861,Airy Me,"Dementia, Drama, Horror, Music",Music,1,6.4,1561
32264,Dear Brave,"Music, Romance",Music,1,6.38,522
10132,Jin Sheng Yuan,Music,Music,1,6.38,406
32233,MitchiriNeko March,Music,Music,1,6.37,126
20365,Another: Misaki Mei - Shizuka ni,Music,Music,1,6.36,10775
20929,Galo Sengen,Music,Music,1,6.34,586
33326,Aftermath,"Drama, Military, Music",Music,1,6.33,258
6215,Dr.,"Action, Adventure, Magic, Music, Sci-Fi, Super Power",Music,1,6.31,1616
25641,Monotonous Purgatory,Music,Music,1,6.3,515
25495,fake!fake!,Music,Music,1,6.28,548
29123,World Calling,Music,Music,1,6.28,578
23365,By Your Side,Music,Music,1,6.27,550
4129,Mahou no Tenshi Creamy Mami: Curtain Call,"Comedy, Music, Shoujo",Music,1,6.27,298
7415,Mukougaoka Chisato wa Tada Mitsumeteita no Datta,Music,Music,1,6.27,794
12121,Towa no Kizuna,Music,Music,1,6.25,1692
3506,Connected,"Dementia, Music, Sci-Fi",Music,1,6.24,2697
28433,Baymax,"Drama, Music, Sci-Fi, Slice of Life",Music,1,6.23,651
3642,Shina Dark: Kuroki Tsuki no Ou to Souheki no Tsuki no Himegimi,"Ecchi, Fantasy, Harem, Music",Music,4,6.23,3730
30168,Miss Monochrome: Watashi dake no Monogatari,Music,Music,1,6.22,1634
8312,Piece,Music,Music,1,6.22,1143
19235,"Dance, Dance, Dance","Fantasy, Music",Music,1,6.2,376
1926,Jishu Seisaku Movie Binchou-tan,"Music, Slice of Life",Music,1,6.2,1781
14359,Vocaloid China Project Senden Animation,"Fantasy, Music",Music,5,6.19,1582
8446,SAI: Part 1 / Revolving... to the Core,"Fantasy, Music",Music,1,6.18,306
3818,Soratobu Toshi Keikaku,"Music, Sci-Fi",Music,1,6.18,1163
4689,Kaze no Toori Michi,Music,Music,1,6.17,1902
32826,Yuuki no Baton,Music,Music,1,6.16,549
20855,Bacterial Contamination,"Dementia, Horror, Music",Music,1,6.15,1643
4126,Mahou no Tenshi Creamy Mami: Lovely Serenade,Music,Music,1,6.15,385
32343,Subarashii Sekai,"Fantasy, Music",Music,1,6.15,165
3525,Extra,"Action, Dementia, Horror, Music, Sci-Fi",Music,1,6.14,2401
32747,Fake Style II,Music,Music,1,6.14,82
28715,Rusty Nail,"Action, Music, Sci-Fi",Music,1,6.14,417
8939,Bohemian Rhapsody,"Music, Sci-Fi, Space",Music,1,6.13,3005
32745,Fake Style,Music,Music,1,6.13,85
23483,Decorator,Music,Music,1,6.12,880
10691,Downloader,Music,Music,1,6.12,3680
8921,Believe,"Action, Music, Super Power",Music,1,6.11,616
32600,Kanojo wa Zombie,"Music, Romance",Music,1,6.11,387
24109,Tooryanse,"Music, Supernatural",Music,1,6.11,305
31977,Hanabi,"Drama, Music, Romance, Slice of Life",Music,1,6.1,162
27789,Yodaka no Hoshi (Music),"Drama, Fantasy, Music, Slice of Life",Music,1,6.1,478
10799,Chime,Music,Music,1,6.09,3125
19521,GAME OVER feat. Hatsune Miku,Music,Music,1,6.08,1400
32338,Yes! BanG_Dream!,Music,Music,1,6.06,353
15423,Antinotice,Music,Music,1,6.07,744
11543,Hate You,Music,Music,1,6.07,1222
32748,La Primavera,Music,Music,1,6.07,86
13195,"Misenai Namida wa, Kitto Itsuka","Fantasy, Music",Music,1,6.07,279
24179,Strobe Light,Music,Music,1,6.07,313
5263,Tomorrow&#039;s Song,Music,Music,1,6.07,507
29291,Behind a Smile,"Action, Demons, Music",Music,1,6.06,292
7953,Defend Love,"Adventure, Fantasy, Magic, Mecha, Music, Romance, Sci-Fi, Super Power, Supernatural",Music,1,6.06,1162
29778,Himitsu Spark,Music,Music,1,6.06,367
8667,Koi Hanabi,"Fantasy, Music",Music,1,6.06,235
10679,Maria†Holic: Run Run Riru Ran Ran Rara,"Comedy, Music",Music,1,6.06,2778
8724,Nobiro Nobiro Daisuki na Ki,"Fantasy, Music",Music,1,6.06,168
4158,Dore Dore no Uta,Music,Music,1,6.05,1658
30909,vivi,"Adventure, Fantasy, Music, Romance",Music,1,6.05,134
33236,Committed RED,Music,Music,1,6.03,140
11795,Forsaken,"Music, Vampire",Music,1,6.03,583
3685,4-Day Weekend,Music,Music,1,6.01,1712
32750,Ashita e Mukau Hito,Music,Music,1,6.02,105
32139,DušaN,"Music, Psychological",Music,1,6.01,419
9732,Full Moon Party,Music,Music,1,6.01,1020
20913,6♥Princess,"Magic, Music",Music,1,5.99,1807
4012,First Squad,"Action, Music",Music,1,5.99,4946
18643,Kita e: Pure Session,Music,Music,1,5.99,212
19727,Nexus,Music,Music,1,5.99,1884
3820,Space Station No.9,"Music, Sci-Fi",Music,1,5.99,1629
7518,Boku wa Kuma,"Kids, Music, Slice of Life",Music,1,5.98,985
19519,Dream Creator feat. GUMI,Music,Music,1,5.98,571
33911,Gakuen Handsome: Legend of Sexy,"Comedy, Music",Music,2,6.0,363
29770,Kikyuu,Music,Music,1,5.97,247
17693,Erementar Gerad: Aozora no Senki,Music,Music,1,5.96,759
19187,Fake Doll,Music,Music,1,5.96,893
32256,Mahou no Tenshi Creamy Mami: Zutto Kitto Motto,"Fantasy, Magic, Music, Romance, School, Sci-Fi, Shoujo",Music,1,5.96,129
8722,Ten no Kawa,"Fantasy, Music",Music,1,5.95,471
12101,Mahou Shoujo Lyrical Nanoha: Lyrical Toy Box,"Magic, Music",Music,1,5.94,1773
29707,Yume no Ukiyo ni Saitemina,Music,Music,1,5.94,397
17891,Namida no Tsubomi,"Music, Slice of Life",Music,1,5.93,144
24995,Moon Festa,Music,Music,1,5.92,103
32755,Gregorio,Music,Music,1,5.9,89
32853,7-kakan.,Music,Music,1,5.88,143
19185,HORIZON feat. Hatsune Miku,Music,Music,1,5.88,1297
31830,lilac (bombs Jun Togawa),Music,Music,1,5.88,175
29757,Mori no e,"Kids, Music",Music,1,5.87,202
19237,Nimrod,"Fantasy, Music",Music,1,5.88,296
9667,Super Speed,Music,Music,1,5.88,691
30199,Hakimono to Kasa no Monogatari,Music,Music,1,5.87,108
9502,Egao no Hana,Music,Music,1,5.86,670
31300,Irodorimidori: Change Our Mirai!,Music,Music,1,5.85,721
23029,Popful Mail,"Comedy, Fantasy, Music",Music,1,5.85,166
3821,Portable Kuukou,"Music, Sci-Fi",Music,1,5.85,1515
11511,Evidence,Music,Music,1,5.81,705
8659,I&#039;m Here with You,"Kids, Music",Music,1,5.81,327
21715,Makkuramori no Uta,Music,Music,1,5.81,117
33912,Gakuen Handsome: Haitoku no Lesson,"Comedy, Music",Music,2,5.79,316
17293,Love Like Aliens,"Action, Music, Sci-Fi",Music,1,5.8,567
22293,Mahou no Yousei Persia: Escape!,Music,Music,1,5.8,192
8669,Ano Koro no Namida wa,"Music, Slice of Life",Music,1,5.79,401
8628,Chains &amp; Rings,"Fantasy, Music",Music,1,5.79,687
32618,Hietsuki Bushi,"Fantasy, Music, Sci-Fi",Music,1,5.79,103
31252,"Korekarasaki, Nando Anata to.","Music, Slice of Life",Music,1,5.79,370
21055,Mission School,"Music, School",Music,1,5.79,243
8697,Mizutori,Music,Music,1,5.79,275
30234,1989,"Music, Space",Music,1,5.77,374
6667,Love to Live By,Music,Music,1,5.77,911
8660,Minarai Chameleon,"Comedy, Kids, Music",Music,1,5.77,140
31908,"Ai think so,",Music,Music,1,5.77,203
9361,Molly Star-Racer,"Mecha, Music",Music,1,5.76,914
30425,Wake Up! Dodo,Music,Music,1,5.76,140
19137,EDEN,Music,Music,1,5.75,1159
32761,Gekkou Shokudou,Music,Music,1,5.75,92
27793,It Girl,Music,Music,1,5.75,961
25639,Toilet no Kamisama,Music,Music,1,5.75,165
31880,B Who I Want 2 B,Music,Music,1,5.74,413
8704,Uchuu Hikoushi no Uta,"Fantasy, Kids, Music",Music,1,5.74,351
21089,Lost Forest,Music,Music,1,5.72,302
24199,Oosouji,Music,Music,1,5.73,346
17245,Christmas,"Music, Supernatural",Music,1,5.72,356
33910,Marine Bloomin&#039;,Music,Music,1,5.72,123
30576,Pareo wa Emerald,Music,Music,1,5.72,128
32781,Refrain,Music,Music,1,5.72,104
22469,Minihams no Kekkon Song,"Kids, Music",Music,1,5.71,147
6777,Densha Kamo Shirenai,Music,Music,1,5.7,528
9650,Dream C Club Pure Songs Clips,Music,Music,2,5.68,358
8626,Good Morning,"Music, Slice of Life",Music,1,5.68,1381
24321,Hoka Hoka Oden no Uta,Music,Music,1,5.68,394
23917,Sora wa Koko ni Aru,Music,Music,1,5.68,140
22093,Mayonaka wa Junketsu,"Action, Music",Music,1,5.67,162
24201,Rakugaki Picasso,Music,Music,1,5.67,310
19287,Reunion (Music),Music,Music,1,5.67,1229
15653,Stay the Same,"Kids, Music",Music,1,5.67,160
20857,Nebula feat. Hatsune Miku,Music,Music,1,5.66,1006
24197,E no Umakatta Tomodachi,Music,Music,1,5.65,360
13857,Souhaku Shisuferia,Music,Music,1,5.65,261
22411,Asa ga Kuru mae ni: Sasurai Version,"Music, Romance",Music,1,5.64,187
30534,Fen Qing,Music,Music,1,5.64,120
11189,Pair,Music,Music,1,5.64,675
29353,Kimi wa Tomodachi,"Adventure, Fantasy, Music",Music,1,5.63,99
33909,Marine Dreamin&#039;,Music,Music,1,5.63,126
12993,Sono Mukou no Mukougawa,Music,Music,1,5.62,267
22467,Minihams no Ai no Uta,"Kids, Music",Music,1,5.61,161
19239,Old City Ward,"Fantasy, Music",Music,1,5.6,278
18831,Rinkaku,"Dementia, Horror, Music",Music,1,5.6,606
31568,Wake Up,Music,Music,1,5.6,254
24181,3-Nen C-Gumi 14-Ban Kubozono Chiyoko no Nyuukaku,"Music, School",Music,1,5.59,385
7296,Michi (Music),Music,Music,1,5.58,431
24315,PoPo Loouise,"Kids, Music",Music,1,5.58,106
33578,Hungry Zombie Francesca!!,"Fantasy, Music",Music,2,5.57,242
23157,Kaze no Invitation,"Magic, Music",Music,1,5.57,229
32856,Sayonara Space Shuttle,"Music, Space",Music,1,5.57,93
24139,Tokyo Babylon: Vision,"Music, Supernatural",Music,1,5.57,499
32854,Fr/day Night,"Comedy, Music",Music,1,5.57,167
19481,Juujika You and I,"Mecha, Music, Sci-Fi",Music,1,5.56,244
8773,Nekko-kun,"Kids, Music",Music,1,5.56,185
9910,Shokichi Monogatari,"Kids, Music",Music,1,5.56,180
19217,And And,Music,Music,1,5.55,470
32749,Hizumu Realism,"Dementia, Music",Music,1,5.55,130
8752,Message Song,Music,Music,1,5.55,168
10941,Mushi no Tameiki,Music,Music,1,5.55,465
31641,Niedola,Music,Music,1,5.54,131
22473,Pi~hyara Kouta,"Kids, Music",Music,1,5.54,128
8696,Shiroi Michi,Music,Music,1,5.53,207
8731,Akai Boushi,"Music, Slice of Life",Music,1,5.52,389
8782,Hiyoko Gumo,"Fantasy, Kids, Music",Music,1,5.52,490
32346,makemagic,"Fantasy, Music",Music,1,5.52,178
29955,Insomniac,Music,Music,1,5.51,108
30428,Hikenai Guitar wo Hikundaze,Music,Music,1,5.49,217
8718,Itsumademo Tabibito,"Drama, Music",Music,1,5.48,226
32764,Sun Set Sun,Music,Music,1,5.48,93
15525,Bokura no Hero,Music,Music,1,5.47,202
24633,LolitA☆Strawberry in Summer,Music,Music,1,5.46,196
8772,Happy Weekend,"Kids, Music",Music,1,5.45,166
8717,Kumo ga Haretara,Music,Music,1,5.45,297
32789,Answer,"Music, Supernatural, Vampire",Music,1,5.44,103
29946,Orchestra,Music,Music,1,5.44,137
28355,Henna ABC,"Kids, Music",Music,1,5.4,103
32344,Nana-iro Megane,Music,Music,1,5.4,90
8679,Saboten ga Nikui,"Comedy, Kids, Music",Music,1,5.4,161
21717,Koisuru Niwatori,Music,Music,1,5.39,129
14023,R²: Rise R to the Second Power,Music,Music,1,5.39,240
30075,Yuki no Hi no Tayori,Music,Music,1,5.39,122
32811,Black Ocean,Music,Music,1,5.38,83
30160,Oppai ga Ippai,"Kids, Music",Music,1,5.38,104
25545,Tanu no Magical Holiday,"Kids, Music",Music,1,5.38,100
30162,Hone Hone Rock,"Kids, Music",Music,1,5.37,101
22471,Mirakururun Grand Purin!,"Kids, Music",Music,1,5.37,152
32767,Hane,Music,Music,1,5.36,97
15529,Wamono,Music,Music,1,5.36,224
8719,Donna Donna,"Music, Slice of Life",Music,1,5.35,206
9509,Yami no Purple Eye,"Horror, Music, Mystery, Psychological, Shoujo, Supernatural",Music,1,5.35,500
32813,2010,Music,Music,1,5.34,217
30433,Eat You Up/Bunny,Music,Music,1,5.34,116
12521,Tentoumushi no Otomurai,Music,Music,1,5.34,309
6856,Aoi Chou,Music,Music,1,5.33,810
29455,Cabbage UFO,"Kids, Music",Music,1,5.31,103
30076,Roba Chotto Suneta,Music,Music,1,5.3,107
11579,Jubilee,"Dementia, Music",Music,1,5.28,460
30430,Kimi wa Sou Kimeta,Music,Music,1,5.3,107
8681,Kitakaze Kozou no Kantarou,"Music, Samurai",Music,1,5.28,254
30241,Umo,Music,Music,1,5.28,107
8680,Fuyu no Yoru no Ohanashi,"Kids, Music, Slice of Life",Music,1,5.27,172
24861,Akaoni to Aooni no Tango,Music,Music,1,5.26,164
20725,"Lies, Lies.",Music,Music,1,5.26,185
28687,Poker,Music,Music,1,5.26,311
30073,Onaka no Ookina Ouji-sama,Music,Music,1,5.25,115
25549,Psychedelic Afternoon,Music,Music,1,5.25,462
31695,Goro-chan,"Kids, Music",Music,1,5.23,142
21833,Higenashi Gogejabaru,"Comedy, Fantasy, Kids, Music",Music,1,5.23,149
30405,Ishindenshin Shiyou,"Kids, Music",Music,1,5.23,129
22059,Kakumeiteki Broadway Shugisha Doumei,Music,Music,1,5.23,283
32790,Urmă (Zanzou),"Music, Supernatural, Vampire",Music,1,5.31,93
30077,Koro wa Yane no Ue,Music,Music,1,5.21,108
5017,Yume no Kakera,Music,Music,1,5.21,776
32803,Dreaming Pupa: Yumemiru Bokura,Music,Music,1,5.2,96
10584,Mononoke Dance,"Dementia, Music",Music,1,5.19,568
28197,Ofuro no Kazoe Uta,"Kids, Music",Music,1,5.19,130
8778,Avignon no Hashi de,"Kids, Music",Music,1,5.17,234
29107,Banana Mura ni Ame ga Furu,"Kids, Music",Music,1,5.16,113
30081,Shiawase no Uta,"Historical, Kids, Music",Music,1,5.16,96
8729,Omoide no Album,"Kids, Music, School, Slice of Life",Music,1,5.14,205
30074,Symphonic Variations,Music,Music,1,5.14,121
24843,Clarinet Kowashichatta,Music,Music,1,5.13,111
22427,Computer Obaachan,"Adventure, Comedy, Kids, Music, Sci-Fi, Space",Music,1,5.13,161
28897,Ganso Banana no Tamashii,"Kids, Music",Music,1,5.13,108
8732,Yuuki Hitotsu wo Tomo ni Shite,Music,Music,1,5.13,202
30431,Anata mo Robot ni Nareru feat. Kamome Jidou Gasshoudan,Music,Music,1,5.12,137
21891,Natsumi Step!,Music,Music,1,5.12,136
30424,Instant Music,Music,Music,1,5.1,164
8733,Tousan no Tsukutta Uta,"Fantasy, Music",Music,1,5.1,205
8645,Kitte no Nai Okurimono,"Kids, Music",Music,1,5.09,223
32765,Cherry Blossom (Music),Music,Music,1,5.08,113
23023,Peaceful Times (F02) Petit Film,Music,Music,1,5.07,1650
8730,Metropolitan Museum,"Fantasy, Kids, Music",Music,1,5.07,242
20707,&quot;0&quot;,Music,Music,1,5.06,1170
25533,Many Mary,Music,Music,1,5.04,153
5158,Noisy Birth,"Dementia, Music",Music,1,5.04,3279
14125,Otogi no Kuni no Birthday,"Kids, Music",Music,1,5.04,144
32804,Ainone,"Drama, Music",Music,1,5.03,136
8716,Arigatou Thank You,"Comedy, Kids, Music, Sci-Fi, Space",Music,1,5.03,291
7512,Dambo,"Fantasy, Music",Music,1,5.03,316
29902,A Play,Music,Music,1,5.02,185
22417,Quantum Leap,"Action, Music",Music,1,5.02,184
21831,Dracula no Uta,"Kids, Music, Vampire",Music,1,5.01,246
30427,Mr. Empty,Music,Music,1,5.01,92
8671,Raja Maharaja,"Music, Slice of Life",Music,1,4.97,183
15527,Hanabeam,Music,Music,1,4.95,290
32779,Anygedybudybombom,Music,Music,1,4.93,92
8604,Oshiri Kajiri Mushi,"Comedy, Music",Music,1,4.93,495
30104,Seichou Rap,Music,Music,1,4.93,105
22385,a_caFe,"Fantasy, Music",Music,1,4.91,343
19231,Jam,"Fantasy, Music",Music,1,4.91,343
18463,Sign,"Music, Sci-Fi",Music,1,4.91,192
29105,Aruite Mikka!,"Comedy, Kids, Music",Music,1,4.9,101
8751,Kaijuu no Ballad,"Comedy, Fantasy, Music",Music,1,4.89,281
8661,Chimuchimucheri ChimChimCheree,"Kids, Music, Slice of Life",Music,1,4.86,331
29871,Shinsei Kamattechan,"Music, Sci-Fi",Music,1,4.85,143
30429,Utsukushii,Music,Music,1,4.85,109
8646,44-hiki no Neko,"Kids, Music",Music,1,4.8,855
17151,Mogu Mogu,Music,Music,1,4.79,217
22415,Aoi Heya,"Fantasy, Music",Music,1,4.77,253
31501,Master Blaster,"Dementia, Music",Music,1,4.71,165
10585,Chuunen Punk,Music,Music,1,4.68,308
30092,Wakie Wakie,Music,Music,1,4.62,192
9056,Agitated Screams of Maggots,"Dementia, Horror, Music",Music,1,4.45,2921
33220,Natsu no Gero wa Fuyu no Sakana,"Dementia, Music",Music,1,4.45,147
29615,Oh Yoko!,"Dementia, Music, Romance",Music,1,4.44,337
18561,Mahou no Hiroba,Music,Music,1,4.43,182
10586,Cafe de Oni,Music,Music,1,4.4,381
33696,3D Onara Gorou ga Dance Dance Dance!!,"Comedy, Music",Music,1,4.39,624
13311,Henshin Gattai! 5 tsu no Atsuki Tamashii,"Music, Super Power",Music,1,4.19,269
31688,Tama Gura Abayo: Moki Yumokyu Superdeluxe,"Dementia, Music",Music,1,4.03,202
30860,Koumon-teki Juuku Ketsujiru Juke,"Comedy, Dementia, Music",Music,1,3.78,310
31874,2002-nen Harmoni Ondo,"Kids, Music",Music,1,4.77,79
24783,3-D Tengoku,Music,Music,1,4.06,117
32421,Aikodesho,"Kids, Music",Music,1,4.18,55
24999,Akai Jitensha,Music,Music,1,4.54,91
32778,Ame no Bus Stop-hen,Music,Music,1,3.67,74
33108,Anime Douyou,"Kids, Music",Music,Unknown,5.75,38
24785,Awate Tokoya,Music,Music,1,3.7,92
31662,Bary-san x Gospe Rats: Tonde Bary Bary Monogatari,Music,Music,1,4.67,58
32859,Boku wa Kimi wo Warawanai,Music,Music,1,5.4,80
33523,Boku wa Koko de Ikiteiku,"Kids, Music",Music,1,6.56,51
31882,Bokura Machi Bouzu!,"Kids, Music",Music,1,4.89,45
30202,Bucket no Ana,Music,Music,1,4.13,57
32760,Bungaku Shounen no Yuuutsu,"Drama, Music",Music,1,6.3,37
30164,Chiisana Kinomi,"Kids, Music",Music,1,4.42,86
33526,Choco to Watashi,"Kids, Music",Music,1,6.0,40
32762,Circles,Music,Music,1,4.79,34
24901,Cook no Polka,"Kids, Music",Music,1,3.43,102
32858,Dareka no Santa Claus,Music,Music,1,5.51,75
32422,Doukyuusei,"Kids, Music",Music,1,5.83,116
33062,Egao ni Dai Sekkin,"Kids, Music",Music,1,5.8,40
29357,Eien,"Drama, Fantasy, Music",Music,1,5.11,69
30163,Fuki to Hiyoko,"Kids, Music",Music,1,5.07,89
29179,Futago no Ookami Daibouken,"Kids, Music",Music,1,4.2,85
32322,Futari wa 80-sai,"Kids, Music",Music,1,4.67,43
32775,Gene,Music,Music,1,3.95,68
24905,Go-hiki no Kobuta to Charleston,Music,Music,1,4.0,85
29355,Grasshopper Monogatari,"Kids, Music",Music,1,4.18,65
33885,Hane (2016),Music,Music,1,5.24,66
32783,Happy Hour,Music,Music,1,4.24,69
20529,Harinezumi,Music,Music,1,5.34,125
34412,Hashiri Hajimeta bakari no Kimi ni,Music,Music,1,6.76,239
33059,Hawaiian Rock&#039;n Roll,"Kids, Music",Music,1,5.2,40
29181,Henna Ie!,"Kids, Music",Music,1,3.33,80
33217,Hikaru Genji: Paradise Ginga,"Music, Space",Music,1,4.4,74
33215,Hikaru Genji: Taiyou ga Ippai,"Adventure, Music",Music,1,3.73,59
33580,Hikaru no Gen-chan,"Historical, Kids, Music",Music,1,4.58,38
30161,Horoscope: Anata no Seiza,Music,Music,1,4.29,50
29451,Hoshi Uranai Kirakira,"Kids, Music",Music,1,4.25,91
32845,Ishitsubutsu Toriatsukaijo,"Drama, Music",Music,1,5.11,72
32800,Jijii: Owari no Hajimari,Music,Music,1,4.28,66
33886,Jikkyou Chuukei,"Dementia, Music",Music,1,4.31,52
32777,Jitensha-hen,Music,Music,1,3.53,67
30157,Joki Joki Tailor,"Kids, Music",Music,1,4.06,72
32092,Juicy Jungle,"Music, Sci-Fi",Music,1,3.56,63
32473,Kabocha no Oji-san,"Kids, Music",Music,1,4.75,38
30167,Kanashiki Mongoose,"Kids, Music",Music,1,3.36,90
29966,Katsuobushi Dayo Jinsei wa,"Kids, Music",Music,1,4.28,88
32420,Ken-chan,"Kids, Music",Music,1,4.75,37
29453,Kenka no Ato wa,"Kids, Music, Romance",Music,1,5.17,96
34286,KiyaKiya,Psychological,Music,1,5.67,26
32430,Kodanuki Ponpo,"Kids, Music",Music,1,4.86,62
32759,Kokuen,"Drama, Music",Music,1,4.52,76
31873,Kuro,"Kids, Music",Music,1,5.28,74
32784,Lina Poe Poe,Music,Music,1,3.93,69
32844,Love Will Find the Way Back Home,Music,Music,1,4.89,72
33907,Magical Music Train,Music,Music,1,3.53,61
23129,Mahou no Princess Minky Momo: Hitomi no Seiza - Minky Momo Song Special,"Magic, Music, Shoujo",Music,1,5.49,147
29963,Marude Sekai,Music,Music,1,3.93,79
32475,Minami no Kuni kara Kita Tegami,"Kids, Music",Music,1,5.8,43
33401,Momotarou (Music),Music,Music,1,3.65,84
31878,Mukashi Toilet ga Kowakatta!,"Kids, Music",Music,1,4.92,45
32776,Nagisa,Music,Music,1,3.85,69
33272,Nanocore: 2016 New Year Special,Music,Music,1,4.93,102
30209,Naze,"Kids, Music",Music,1,4.27,42
24903,Neko Funjatta,Music,Music,1,4.15,79
33914,Nineko Gelée: Opening Movie,"Fantasy, Music",Music,1,4.21,65
32788,Ningyo no Hanashi,"Fantasy, Music",Music,1,4.68,66
33060,Ninja Negizou,"Kids, Music",Music,1,5.0,40
32633,Nowisee,Music,Music,24,7.64,560
32166,Obaachan no Takaramono,"Kids, Music",Music,1,4.5,39
32229,Ojiichan no Komoriuta,"Kids, Music",Music,1,4.78,37
32472,Okoru yo!,"Kids, Music",Music,1,5.0,37
32763,One and Three Four,Music,Music,1,4.51,89
29888,Ooi! Hanimaru,"Kids, Music",Music,1,3.84,77
29053,Orangutan,"Kids, Music",Music,1,4.16,98
32073,Otoshidama,"Kids, Music",Music,1,4.0,39
29459,Pata Pata Mama,"Kids, Music",Music,1,3.93,85
29177,Persia no Komoriuta: Watashi no Hana,"Kids, Music",Music,1,3.63,87
30200,Piyo no Ongaeshi,Music,Music,1,5.0,47
34406,Punpun Polka,"Kids, Music",Music,1,4.36,24
32768,Revenge of Green Mutant,Music,Music,1,3.85,69
32851,Riding the Storm,Music,Music,1,3.49,67
29744,Seishun Midnight Runners: Shiosai,Music,Music,1,4.63,82
32583,Sense Honma ni Honma,"Kids, Music, School",Music,1,4.18,67
33906,Shangri-La (Music),Music,Music,1,3.54,55
30201,Shiawase no Tokei,Music,Music,1,4.35,73
30208,Shiritori Mambo,"Kids, Music",Music,1,5.33,45
31942,Shooting Hero,"Kids, Music, Sports",Music,1,4.92,46
32757,Skirt,Music,Music,1,4.93,74
31450,Sol,"Dementia, Music",Music,1,3.77,88
30082,Sonna Boku ga Suki,"Kids, Music",Music,1,4.06,68
22393,Sora e,"Fantasy, Kids, Music",Music,1,5.56,116
32074,Sowa Sowa Calendar,"Kids, Music",Music,1,5.78,40
32868,Spring Stranger,Music,Music,1,4.14,71
32756,Storywriter,Music,Music,1,5.14,68
25103,Sumiko no Egao,"Kids, Music",Music,1,4.33,91
32852,Survivor,"Music, Supernatural",Music,1,3.28,70
32907,Susume! Shinji-kun,"Kids, Music",Music,1,4.89,41
29103,Tanoshii Sansuu,"Kids, Music",Music,1,3.53,75
32812,TeNiOE,Music,Music,1,4.86,79
32167,Tenkousei wa Uchuujin,"Kids, Music",Music,1,4.09,57
29457,Tenrankai de Atta Onnanoko,"Kids, Music",Music,1,4.53,78
29856,Tetopettenson,"Kids, Music",Music,1,3.51,83
33887,Time for Christmas,Music,Music,1,4.52,42
32855,Tonight,Music,Music,1,4.85,91
21711,Torero Kamomiro,"Kids, Music",Music,1,3.46,103
32758,Toute wa Sono Kotae,"Music, Supernatural",Music,1,3.82,83
32861,Tsukiyomi,Music,Music,1,4.73,86
29153,Usagi to Kame (Music),Music,Music,1,4.22,83
33124,Wakuwaku♥Nukegake Daisakusen,"Cars, Music",Music,1,4.2,59
30083,Warenai Tamago,"Comedy, Kids, Music",Music,1,4.44,74
30085,Watashi no Kamifuusen,"Kids, Music",Music,1,4.11,76
30207,Watashi wa Tofu Desu,"Kids, Music",Music,1,4.46,55
31925,White Tree,"Music, Romance",Music,1,5.18,104
15977,Winner,"Kids, Music, School, Sports",Music,1,4.76,117
33866,Wonder,"Music, Space",Music,1,3.85,60
30165,Yamaguchi Sanchi no Tsutomu-kun,"Kids, Music, Romance",Music,1,4.15,97
33908,Yasoukyoku,Music,Music,1,5.14,82
29970,Yell,Music,Music,1,5.46,55
30169,Yubikiri,Music,Music,1,4.54,75
31872,Yukidaruma Kazoku,"Kids, Music",Music,1,5.25,40
32850,Yuu no Mahou,Music,Music,1,4.48,66
